n,order,,,,,,,,,,,,,,,,,,,,,,,,,,,,,
30.0,0.0, 1.0, 2.0, 3.0, 4.0, 5.0, 6.0, 7.0, 8.0, 9.0, 10.0, 11.0, 12.0, 13.0, 14.0, 15.0, 16.0, 17.0, 18.0, 19.0, 20.0, 21.0, 22.0, 23.0, 24.0, 25.0, 26.0, 27.0, 28.0, 29.0

extraInfo
date,2014_Jul_08_1302
frameRate,None
expName,SSVP5_75
session,001
participant,001
n,order,,,,,,,,,,,,,,,,,,,,,,,,,,,,,
30.0,0.0, 1.0, 2.0, 3.0, 4.0, 5.0, 6.0, 7.0, 8.0, 9.0, 10.0, 11.0, 12.0, 13.0, 14.0, 15.0, 16.0, 17.0, 18.0, 19.0, 20.0, 21.0, 22.0, 23.0, 24.0, 25.0, 26.0, 27.0, 28.0, 29.0

extraInfo
date,2014_Jul_08_1302
frameRate,None
expName,SSVP5_75
session,001
participant,001
